drug_a,drug_b,risk_level,description,source
布洛芬缓释胶囊,阿司匹林肠溶片,高,两者同为NSAIDs，联用显著增加消化道出血风险，禁止合用。,布洛芬缓释胶囊说明书-药物相互作用
布洛芬缓释胶囊,对乙酰氨基酚片,中,叠加肝肾功能损伤风险，且发热时不宜重复使用同类退热药。,布洛芬缓释胶囊说明书-药物相互作用
布洛芬缓释胶囊,双氯芬酸钠肠溶片,高,同类药物重复用药，加重胃肠道损伤，禁止同服。,布洛芬缓释胶囊说明书-药物相互作用
布洛芬缓释胶囊,呋塞米片,中,减弱利尿降压作用，心肾功能不全者风险增加。,布洛芬缓释胶囊说明书-药物相互作用
布洛芬片,对乙酰氨基酚片,中,重复用药加重肝肾负担，注意总剂量。,布洛芬片说明书-药物相互作用
布洛芬片,华法林钠片,高,增强抗凝作用，显著增加出血风险。,布洛芬片说明书-药物相互作用
布洛芬片,塞来昔布胶囊,高,同类NSAIDs叠加，禁止同服。,布洛芬片说明书-药物相互作用
布洛芬混悬液,小儿氨酚黄那敏颗粒,中,复方感冒药多含对乙酰氨基酚，与布洛芬联用增加肝损伤风险。,布洛芬混悬液说明书-药物相互作用
布洛芬混悬液,阿司匹林肠溶片,高,水杨酸类与布洛芬竞争结合，降低阿司匹林抗血小板作用并增加胃肠损伤。,布洛芬混悬液说明书-药物相互作用
布洛芬颗粒,对乙酰氨基酚口服溶液,中,退热药重复使用，剂量叠加存在肝损伤风险。,布洛芬颗粒说明书-药物相互作用
布洛芬颗粒,感冒灵颗粒,中,感冒灵含对乙酰氨基酚与马来酸氯苯那敏，联用易致成分超量。,布洛芬颗粒说明书-药物相互作用
对乙酰氨基酚片,感冒灵颗粒,高,感冒灵每袋含对乙酰氨基酚0.2g，联用极易造成成分超量，增加肝损伤风险。,对乙酰氨基酚片说明书-药物相互作用
对乙酰氨基酚片,复方氨酚烷胺片,高,复方感冒药已含对乙酰氨基酚，重复用药致超量风险。,对乙酰氨基酚片说明书-药物相互作用
对乙酰氨基酚片,酒,高,饮酒后服用显著增加肝毒性风险。,对乙酰氨基酚片说明书-药物相互作用
对乙酰氨基酚片,华法林钠片,中,长期大量使用可增强华法林抗凝作用，需监测凝血功能。,对乙酰氨基酚片说明书-药物相互作用
对乙酰氨基酚缓释片,维C银翘片,中,维C银翘片含对乙酰氨基酚成分，联用易超量。,对乙酰氨基酚缓释片说明书-药物相互作用
对乙酰氨基酚缓释片,酒,高,饮酒增加肝毒性风险。,对乙酰氨基酚缓释片说明书-药物相互作用
对乙酰氨基酚口服溶液,小儿氨酚黄那敏颗粒,高,成分重复叠加，易导致对乙酰氨基酚超量。,对乙酰氨基酚口服溶液说明书-药物相互作用
对乙酰氨基酚口服溶液,布洛芬混悬液,中,两种退热药交替使用需记录总剂量，避免间隔过短。,对乙酰氨基酚口服溶液说明书-药物相互作用
复方对乙酰氨基酚片(II),对乙酰氨基酚片,高,成分重复，叠加超量风险。,复方对乙酰氨基酚片(II)说明书-药物相互作用
复方对乙酰氨基酚片(II),咖啡因类制剂,低,咖啡因剂量叠加，可致心悸、失眠。,复方对乙酰氨基酚片(II)说明书-药物相互作用
阿司匹林肠溶片,华法林钠片,高,抗凝作用显著增强，出血风险明显升高。,阿司匹林肠溶片说明书-药物相互作用
阿司匹林肠溶片,奥美拉唑肠溶胶囊,低,PPI可降低阿司匹林引起的胃肠损伤，但长期合用需评估收益风险。,阿司匹林肠溶片说明书-药物相互作用
阿司匹林肠溶片,双氯芬酸钠肠溶片,高,NSAIDs叠加，禁止同服。,阿司匹林肠溶片说明书-药物相互作用
双氯芬酸钠肠溶片,华法林钠片,高,增强抗凝作用，出血风险增加。,双氯芬酸钠肠溶片说明书-药物相互作用
双氯芬酸钠缓释胶囊,对乙酰氨基酚片,中,联用增加肾损伤风险。,双氯芬酸钠缓释胶囊说明书-药物相互作用
双氯芬酸钠缓释胶囊,美洛昔康片,高,同类NSAIDs重复用药，禁止同服。,双氯芬酸钠缓释胶囊说明书-药物相互作用
洛索洛芬钠片,阿司匹林肠溶片,高,NSAIDs叠加，禁止同服。,洛索洛芬钠片说明书-药物相互作用
洛索洛芬钠片,氨茶碱片,中,洛索洛芬可升高氨茶碱血药浓度，增加毒性反应。,洛索洛芬钠片说明书-药物相互作用
塞来昔布胶囊,华法林钠片,高,增强抗凝作用，增加出血风险。,塞来昔布胶囊说明书-药物相互作用
塞来昔布胶囊,利福平胶囊,中,利福平诱导代谢酶，降低塞来昔布血药浓度。,塞来昔布胶囊说明书-药物相互作用
美洛昔康片,沙丁胺醇气雾剂,低,无直接相互作用，但哮喘患者使用NSAIDs需谨慎。,美洛昔康片说明书-药物相互作用
美洛昔康片,呋塞米片,中,降低利尿效果并增加肾毒性。,美洛昔康片说明书-药物相互作用
依托考昔片,阿司匹林肠溶片,中,增加胃肠道溃疡风险。,依托考昔片说明书-药物相互作用
依托考昔片,利福平胶囊,中,利福平降低依托考昔血药浓度。,依托考昔片说明书-药物相互作用
吲哚美辛胶囊,阿司匹林肠溶片,高,NSAIDs叠加，禁止同服。,吲哚美辛胶囊说明书-药物相互作用
吲哚美辛胶囊,氨苯蝶啶片,高,合用有导致急性肾功能损害的风险。,吲哚美辛胶囊说明书-药物相互作用
吲哚美辛胶囊,普萘洛尔片,中,吲哚美辛减弱β受体阻滞剂的降压作用。,吲哚美辛胶囊说明书-药物相互作用
萘普生片,对乙酰氨基酚片,中,叠加肝肾功能负担。,萘普生片说明书-药物相互作用
萘普生片,华法林钠片,高,出血风险增加。,萘普生片说明书-药物相互作用
尼美舒利分散片,对乙酰氨基酚片,中,均具肝毒性风险，避免合用。,尼美舒利分散片说明书-药物相互作用
尼美舒利分散片,阿司匹林肠溶片,高,NSAIDs叠加，禁止同服。,尼美舒利分散片说明书-药物相互作用
去痛片,酒,高,苯巴比妥与酒精叠加中枢抑制作用，可致呼吸抑制。,去痛片说明书-药物相互作用
去痛片,苯海拉明片,中,中枢抑制叠加，嗜睡加重。,去痛片说明书-药物相互作用
安乃近片,对乙酰氨基酚片,中,退热药重复使用，注意总剂量。,安乃近片说明书-药物相互作用
安乃近片,华法林钠片,中,可能增强抗凝作用。,安乃近片说明书-药物相互作用
酚麻美敏片,对乙酰氨基酚片,高,成分重复叠加，超量风险。,酚麻美敏片说明书-药物相互作用
酚麻美敏片,伪麻黄碱缓释片,中,拟交感成分叠加，可致心悸、血压升高。,酚麻美敏片说明书-药物相互作用
酚麻美敏片,苯海拉明片,中,抗组胺成分叠加，嗜睡加重。,酚麻美敏片说明书-药物相互作用
酚麻美敏片,酒,中,加重中枢抑制与肝毒性。,酚麻美敏片说明书-药物相互作用
复方氨酚烷胺片,感冒灵颗粒,高,同类复方感冒药重复用药，成分叠加。,复方氨酚烷胺片说明书-药物相互作用
复方氨酚烷胺片,苯巴比妥类,低,无特殊相互作用，但中枢抑制药联用时注意嗜睡。,复方氨酚烷胺片说明书-药物相互作用
感冒灵颗粒,苯海拉明片,中,抗组胺成分叠加，嗜睡明显加重。,感冒灵颗粒说明书-药物相互作用
感冒灵颗粒,酒,中,加重中枢抑制与肝损伤风险。,感冒灵颗粒说明书-药物相互作用
维C银翘片,双黄连口服液,低,同类清热解毒制剂，无明确相互作用，但避免重复用药。,维C银翘片说明书-药物相互作用
氨咖黄敏胶囊,对乙酰氨基酚片,高,成分重复叠加。,氨咖黄敏胶囊说明书-药物相互作用
氨咖黄敏胶囊,酚麻美敏片,高,同类复方感冒药重复用药。,氨咖黄敏胶囊说明书-药物相互作用
对乙酰氨基酚栓,小儿氨酚黄那敏颗粒,高,成分重复叠加超量风险。,对乙酰氨基酚栓说明书-药物相互作用
复方阿司匹林片,布洛芬片,高,NSAIDs叠加，禁止同服。,复方阿司匹林片说明书-药物相互作用
复方阿司匹林片,酒,高,增加胃肠出血风险。,复方阿司匹林片说明书-药物相互作用
对乙酰氨基酚混悬滴剂,复方对乙酰氨基酚片(II),高,成分重复叠加超量风险。,对乙酰氨基酚混悬滴剂说明书-药物相互作用
双氯芬酸钠滴眼液,其他眼用制剂,低,与其他滴眼液间隔5分钟使用。,双氯芬酸钠滴眼液说明书-药物相互作用
酮洛芬胶囊,阿司匹林肠溶片,高,NSAIDs叠加，禁止同服。,酮洛芬胶囊说明书-药物相互作用
酮洛芬胶囊,呋塞米片,中,降低利尿效果并增加肾毒性。,酮洛芬胶囊说明书-药物相互作用
奥美拉唑肠溶胶囊,氯吡格雷片,中,奥美拉唑抑制CYP2C19，降低氯吡格雷抗血小板活性，建议更换为雷贝拉唑或泮托拉唑。,奥美拉唑肠溶胶囊说明书-药物相互作用
奥美拉唑肠溶胶囊,地高辛片,中,奥美拉唑升高地高辛血药浓度，需监测。,奥美拉唑肠溶胶囊说明书-药物相互作用
奥美拉唑肠溶胶囊,伊曲康唑胶囊,低,胃内pH升高影响伊曲康唑吸收，疗效降低。,奥美拉唑肠溶胶囊说明书-药物相互作用
奥美拉唑镁肠溶片,氯吡格雷片,中,同奥美拉唑，存在相互作用。,奥美拉唑镁肠溶片说明书-药物相互作用
奥美拉唑镁肠溶片,碳酸氢钠片,低,抗酸药合用需错开服用时间。,奥美拉唑镁肠溶片说明书-药物相互作用
雷贝拉唑钠肠溶片,氯吡格雷片,低,对CYP2C19抑制较弱，与氯吡格雷联用时较奥美拉唑安全。,雷贝拉唑钠肠溶片说明书-药物相互作用
雷贝拉唑钠肠溶片,地高辛片,中,升高地高辛浓度，需监测。,雷贝拉唑钠肠溶片说明书-药物相互作用
兰索拉唑肠溶胶囊,氯吡格雷片,中,抑制CYP2C19，影响氯吡格雷活化。,兰索拉唑肠溶胶囊说明书-药物相互作用
兰索拉唑肠溶胶囊,伊曲康唑胶囊,低,胃内pH升高影响吸收。,兰索拉唑肠溶胶囊说明书-药物相互作用
泮托拉唑钠肠溶片,氯吡格雷片,低,对CYP2C19影响小，与氯吡格雷合用相对安全。,泮托拉唑钠肠溶片说明书-药物相互作用
泮托拉唑钠肠溶片,华法林钠片,中,可能增强华法林抗凝作用，需监测INR。,泮托拉唑钠肠溶片说明书-药物相互作用
埃索美拉唑镁肠溶片,氯吡格雷片,中,抑制CYP2C19，降低氯吡格雷活性。,埃索美拉唑镁肠溶片说明书-药物相互作用
埃索美拉唑镁肠溶片,地西泮片,低,延长地西泮代谢，作用增强。,埃索美拉唑镁肠溶片说明书-药物相互作用
铝碳酸镁咀嚼片,左氧氟沙星片,中,抗酸药吸附喹诺酮类，降低其吸收，需间隔2小时以上。,铝碳酸镁咀嚼片说明书-药物相互作用
铝碳酸镁咀嚼片,地高辛片,中,降低地高辛吸收，需间隔服用。,铝碳酸镁咀嚼片说明书-药物相互作用
铝碳酸镁咀嚼片,枸橼酸铋钾胶囊,中,同为黏膜保护剂，一般不需联用。,铝碳酸镁咀嚼片说明书-药物相互作用
复方氢氧化铝片,左氧氟沙星片,中,降低喹诺酮吸收，间隔2小时服用。,复方氢氧化铝片说明书-药物相互作用
复方氢氧化铝片,铁剂,中,铝剂影响铁吸收。,复方氢氧化铝片说明书-药物相互作用
复方氢氧化铝片,阿托品,高,含颠茄成分，与抗胆碱药联用副作用叠加。,复方氢氧化铝片说明书-药物相互作用
枸橼酸铋钾胶囊,奥美拉唑肠溶胶囊,中,铋剂与PPI联用根除幽门螺杆菌属标准方案，但注意服药时序。,枸橼酸铋钾胶囊说明书-药物相互作用
枸橼酸铋钾胶囊,牛奶,中,牛奶影响铋剂吸收，需间隔1小时以上。,枸橼酸铋钾胶囊说明书-药物相互作用
胶体果胶铋胶囊,蒙脱石散,中,同服降低吸附效果，需间隔2小时。,胶体果胶铋胶囊说明书-药物相互作用
多潘立酮片,酮康唑片,高,两者均延长QT间期，合用增加严重心律失常风险。,多潘立酮片说明书-药物相互作用
多潘立酮片,红霉素肠溶片,高,红霉素升高多潘立酮血药浓度并延长QT间期，禁止合用。,多潘立酮片说明书-药物相互作用
多潘立酮片,山莨菪碱片,中,抗胆碱药抑制胃动力，拮抗多潘立酮作用。,多潘立酮片说明书-药物相互作用
多潘立酮混悬液,伊曲康唑胶囊,高,伊曲康唑抑制代谢并延长QT间期，禁止合用。,多潘立酮混悬液说明书-药物相互作用
多潘立酮混悬液,颠茄片,中,抗胆碱药拮抗胃动力作用。,多潘立酮混悬液说明书-药物相互作用
莫沙必利片,山莨菪碱片,中,抗胆碱药拮抗其促动力作用。,莫沙必利片说明书-药物相互作用
莫沙必利片,阿托品,中,同上，作用相互拮抗。,莫沙必利片说明书-药物相互作用
伊托必利片,颠茄片,中,抗胆碱药减弱其作用。,伊托必利片说明书-药物相互作用
蒙脱石散,左氧氟沙星片,中,蒙脱石吸附喹诺酮类抗生素，降低疗效，需间隔2小时以上。,蒙脱石散说明书-药物相互作用
蒙脱石散,双歧杆菌三联活菌胶囊,低,益生菌补充剂与蒙脱石联用可改善腹泻，但需错开1小时。,蒙脱石散说明书-药物相互作用
蒙脱石散,铁剂,中,影响铁剂吸收，需间隔服用。,蒙脱石散说明书-药物相互作用
洛哌丁胺胶囊,苯海拉明片,中,中枢抑制药合用加重嗜睡。,洛哌丁胺胶囊说明书-药物相互作用
洛哌丁胺胶囊,山莨菪碱片,中,抗胆碱药合用加重便秘与口干。,洛哌丁胺胶囊说明书-药物相互作用
双歧杆菌三联活菌胶囊,阿莫西林胶囊,中,抗生素杀灭活菌，需间隔2小时以上服用。,双歧杆菌三联活菌胶囊说明书-药物相互作用
乳果糖口服溶液,蒙脱石散,低,联用需间隔2小时。,乳果糖口服溶液说明书-药物相互作用
开塞露,口服通便药,低,局部用药与全身用药无显著相互作用。,开塞露说明书-药物相互作用
匹维溴铵片,多潘立酮片,中,解痉药与促动力药作用相反，一般不同用。,匹维溴铵片说明书-药物相互作用
山莨菪碱片,颠茄片,高,同类抗胆碱药，副作用叠加。,山莨菪碱片说明书-药物相互作用
山莨菪碱片,苯海拉明片,中,抗胆碱作用叠加，口干、尿潴留风险增加。,山莨菪碱片说明书-药物相互作用
颠茄片,复方氢氧化铝片,中,复方氢氧化铝含颠茄流浸膏，成分重复。,颠茄片说明书-药物相互作用
硫糖铝咀嚼片,左氧氟沙星片,中,降低喹诺酮吸收，间隔2小时。,硫糖铝咀嚼片说明书-药物相互作用
硫糖铝咀嚼片,地高辛片,中,降低地高辛吸收。,硫糖铝咀嚼片说明书-药物相互作用
西咪替丁片,华法林钠片,高,抑制华法林代谢，增强抗凝作用，需监测INR。,西咪替丁片说明书-药物相互作用
西咪替丁片,地西泮片,中,抑制地西泮代谢，中枢抑制增强。,西咪替丁片说明书-药物相互作用
西咪替丁片,茶碱类,高,升高茶碱血药浓度，需减量或监测。,西咪替丁片说明书-药物相互作用
法莫替丁片,酮康唑片,低,胃内pH升高降低酮康唑吸收。,法莫替丁片说明书-药物相互作用
法莫替丁片,华法林钠片,低,相互作用弱于西咪替丁。,法莫替丁片说明书-药物相互作用
雷尼替丁胶囊,华法林钠片,低,相互作用弱于西咪替丁，但仍需监测。,雷尼替丁胶囊说明书-药物相互作用
雷尼替丁胶囊,茶碱类,低,升高茶碱浓度，注意监测。,雷尼替丁胶囊说明书-药物相互作用
碳酸氢钠片,阿司匹林肠溶片,低,升高尿pH，加速阿司匹林排泄。,碳酸氢钠片说明书-药物相互作用
碳酸氢钠片,左氧氟沙星片,中,抗酸药降低喹诺酮吸收。,碳酸氢钠片说明书-药物相互作用
复方消化酶胶囊,抗酸药,低,碱性环境破坏酶活性，间隔服用。,复方消化酶胶囊说明书-药物相互作用
藿香正气水,头孢克肟分散片,高,头孢类与酒精发生双硫仑样反应（面部潮红、心悸、呼吸困难），用药期间及停药一周内禁服含酒精制剂。,藿香正气水说明书-药物相互作用
藿香正气水,甲硝唑片,高,同样可致双硫仑样反应，禁止合用。,藿香正气水说明书-药物相互作用
藿香正气水,苯海拉明片,中,酒精与抗组胺药叠加中枢抑制。,藿香正气水说明书-药物相互作用
藿香正气水,酒,高,制剂本身含酒精，再饮酒加剧双硫仑与中枢抑制风险。,藿香正气水说明书-药物相互作用
藿香正气软胶囊,头孢克肟分散片,低,不含酒精，无双硫仑风险。,藿香正气软胶囊说明书-药物相互作用
香砂养胃丸,多潘立酮片,低,中药促消化与西药促动力可合用，但需错开半小时。,香砂养胃丸说明书-药物相互作用
健胃消食片,乳果糖口服溶液,低,无明显相互作用。,健胃消食片说明书-药物相互作用
保和丸,蒙脱石散,低,无明显相互作用，间隔服用即可。,保和丸说明书-药物相互作用
瑞巴派特片,奥美拉唑肠溶胶囊,低,可联合用于溃疡治疗，无明显相互作用。,瑞巴派特片说明书-药物相互作用
曲美布汀片,匹维溴铵片,中,两者均调节肠道运动，一般不需联用。,曲美布汀片说明书-药物相互作用
复方谷氨酰胺肠溶胶囊,蒙脱石散,低,可联用，间隔2小时。,复方谷氨酰胺肠溶胶囊说明书-药物相互作用
氨溴索口服溶液,氢溴酸右美沙芬片,中,化痰药与镇咳药合用，痰液被抑制咳嗽无法排出，易致气道阻塞。,氨溴索口服溶液说明书-药物相互作用
氨溴索口服溶液,复方甘草片,中,甘草片为镇咳药，同样存在痰液潴留风险。,氨溴索口服溶液说明书-药物相互作用
氨溴索片,喷托维林片,中,镇咳药影响排痰。,氨溴索片说明书-药物相互作用
乙酰半胱氨酸颗粒,阿莫西林胶囊,中,乙酰半胱氨酸降低抗生素活性，间隔2小时服用。,乙酰半胱氨酸颗粒说明书-药物相互作用
乙酰半胱氨酸颗粒,氢溴酸右美沙芬片,中,镇咳药影响排痰。,乙酰半胱氨酸颗粒说明书-药物相互作用
羧甲司坦片,复方甘草片,中,镇咳药影响排痰。,羧甲司坦片说明书-药物相互作用
右美沙芬愈创甘油醚糖浆,单胺氧化酶抑制剂类,高,右美沙芬与MAOI合用可致高血压危象、高热等严重反应，禁止合用。,右美沙芬愈创甘油醚糖浆说明书-药物相互作用
右美沙芬愈创甘油醚糖浆,酒,中,加重中枢抑制作用。,右美沙芬愈创甘油醚糖浆说明书-药物相互作用
右美沙芬愈创甘油醚糖浆,苯海拉明片,中,中枢抑制叠加，嗜睡明显。,右美沙芬愈创甘油醚糖浆说明书-药物相互作用
氢溴酸右美沙芬片,酒,中,中枢抑制叠加。,氢溴酸右美沙芬片说明书-药物相互作用
氢溴酸右美沙芬片,镇静催眠药,高,增强中枢抑制作用。,氢溴酸右美沙芬片说明书-药物相互作用
喷托维林片,山莨菪碱片,中,抗胆碱作用叠加。,喷托维林片说明书-药物相互作用
复方甘草片,呋塞米片,中,甘草致低钾与排钾利尿剂叠加，低钾风险增加。,复方甘草片说明书-药物相互作用
复方甘草片,苯海拉明片,中,中枢抑制叠加。,复方甘草片说明书-药物相互作用
复方甘草片,酒,中,加重中枢抑制。,复方甘草片说明书-药物相互作用
氯雷他定片,酮康唑片,中,酮康唑、红霉素等升高氯雷他定血药浓度，增加不良反应风险。,氯雷他定片说明书-药物相互作用
氯雷他定片,红霉素肠溶片,中,同上，需监测或调整剂量。,氯雷他定片说明书-药物相互作用
氯雷他定片,酒,低,轻微增强中枢抑制。,氯雷他定片说明书-药物相互作用
西替利嗪滴剂,酒,低,轻度增强嗜睡作用。,西替利嗪滴剂说明书-药物相互作用
西替利嗪滴剂,镇静催眠药,中,中枢抑制叠加。,西替利嗪滴剂说明书-药物相互作用
苯海拉明片,酒,高,显著增强中枢抑制作用，可致深度嗜睡甚至呼吸抑制。,苯海拉明片说明书-药物相互作用
苯海拉明片,镇静催眠药,高,中枢抑制叠加，禁止同服。,苯海拉明片说明书-药物相互作用
伪麻黄碱缓释片,单胺氧化酶抑制剂类,高,可致高血压危象，禁止合用。,伪麻黄碱缓释片说明书-药物相互作用
伪麻黄碱缓释片,普萘洛尔片,中,β受体阻滞剂拮抗其升压作用，疗效与血压波动均需关注。,伪麻黄碱缓释片说明书-药物相互作用
特布他林片,呋塞米片,中,排钾利尿剂与β2激动剂均可致低钾，合用低钾风险增加。,特布他林片说明书-药物相互作用
特布他林片,普萘洛尔片,高,非选择性β阻滞剂拮抗其支气管扩张作用，可致严重气道痉挛，禁止合用。,特布他林片说明书-药物相互作用
特布他林片,糖皮质激素,中,两者均可能致低钾，联用时监测血钾。,特布他林片说明书-药物相互作用
沙丁胺醇气雾剂,普萘洛尔片,高,非选择性β阻滞剂拮抗其作用，可致严重支气管痉挛，禁止合用。,沙丁胺醇气雾剂说明书-药物相互作用
沙丁胺醇气雾剂,呋塞米片,中,低钾风险叠加，监测血钾。,沙丁胺醇气雾剂说明书-药物相互作用
氨茶碱片,红霉素肠溶片,高,红霉素抑制茶碱代谢，血药浓度升高，易致中毒。,氨茶碱片说明书-药物相互作用
氨茶碱片,西咪替丁片,高,西咪替丁抑制茶碱代谢，需减量或监测。,氨茶碱片说明书-药物相互作用
氨茶碱片,酒,中,影响茶碱代谢，且刺激胃黏膜。,氨茶碱片说明书-药物相互作用
孟鲁司特钠咀嚼片,阿司匹林肠溶片,低,阿司匹林敏感哮喘患者使用NSAIDs需谨慎，白三烯拮抗剂不能完全替代。,孟鲁司特钠咀嚼片说明书-药物相互作用
孟鲁司特钠咀嚼片,茶碱类,低,无明显相互作用。,孟鲁司特钠咀嚼片说明书-药物相互作用
布地奈德混悬液,沙丁胺醇气雾剂,低,联合使用为哮喘标准方案，无不良相互作用。,布地奈德混悬液说明书-药物相互作用
布地奈德混悬液,酮康唑片,中,酮康唑抑制CYP3A4，升高布地奈德血药浓度。,布地奈德混悬液说明书-药物相互作用
氯苯那敏片,酒,高,中枢抑制显著增强。,氯苯那敏片说明书-药物相互作用
氯苯那敏片,感冒灵颗粒,中,感冒灵含氯苯那敏，成分重复叠加。,氯苯那敏片说明书-药物相互作用
氯苯那敏片,镇静催眠药,高,中枢抑制叠加。,氯苯那敏片说明书-药物相互作用
连花清瘟胶囊,对乙酰氨基酚片,低,中西药联用需间隔1小时，注意观察。,连花清瘟胶囊说明书-药物相互作用
连花清瘟胶囊,藿香正气水,低,同属感冒用药，一般不需要联用。,连花清瘟胶囊说明书-药物相互作用
板蓝根颗粒,其他感冒药,低,无明显相互作用，但避免重复用药。,板蓝根颗粒说明书-药物相互作用
急支糖浆,氢溴酸右美沙芬片,低,中西药镇咳联用需注意，间隔1小时。,急支糖浆说明书-药物相互作用
川贝枇杷膏,其他镇咳药,低,避免同类药物重复使用。,川贝枇杷膏说明书-药物相互作用
通宣理肺丸,藿香正气水,低,同属风寒感冒用药，一般不需联用。,通宣理肺丸说明书-药物相互作用
小儿肺热咳喘口服液,小儿氨酚黄那敏颗粒,低,中西药联用需间隔1小时。,小儿肺热咳喘口服液说明书-药物相互作用
复方鲜竹沥液,乙酰半胱氨酸颗粒,低,同为化痰药，避免重复用药。,复方鲜竹沥液说明书-药物相互作用
蒲地蓝消炎口服液,阿莫西林胶囊,低,中西药联用需间隔1小时。,蒲地蓝消炎口服液说明书-药物相互作用
感冒清热颗粒,藿香正气水,低,同属风寒感冒用药，避免重复。,感冒清热颗粒说明书-药物相互作用
蓝芩口服液,蒲地蓝消炎口服液,低,同类清热解毒制剂，避免重复用药。,蓝芩口服液说明书-药物相互作用
苏黄止咳胶囊,特布他林片,低,均含舒张支气管作用的中西成分，联用需谨慎。,苏黄止咳胶囊说明书-药物相互作用
丙卡特罗片,普萘洛尔片,高,非选择性β阻滞剂拮抗其作用，禁止合用。,丙卡特罗片说明书-药物相互作用
丙卡特罗片,沙丁胺醇气雾剂,中,同类β2激动剂叠加，心悸风险增加。,丙卡特罗片说明书-药物相互作用
氨溴特罗口服溶液,氢溴酸右美沙芬片,中,镇咳药影响排痰。,氨溴特罗口服溶液说明书-药物相互作用
氨溴特罗口服溶液,普萘洛尔片,高,β阻滞剂拮抗支气管扩张作用。,氨溴特罗口服溶液说明书-药物相互作用
愈创甘油醚片,氢溴酸右美沙芬片,中,镇咳药影响排痰。,愈创甘油醚片说明书-药物相互作用
复方甲氧那明胶囊,红霉素肠溶片,高,红霉素抑制茶碱代谢，血药浓度升高致中毒风险。,复方甲氧那明胶囊说明书-药物相互作用
复方甲氧那明胶囊,西咪替丁片,高,西咪替丁升高茶碱浓度。,复方甲氧那明胶囊说明书-药物相互作用
复方甲氧那明胶囊,苯海拉明片,中,抗组胺成分叠加，嗜睡加重。,复方甲氧那明胶囊说明书-药物相互作用
多潘立酮片,氟康唑胶囊,高,氟康唑抑制CYP3A4并延长QT间期，合用增加心律失常风险。,药物相互作用数据库（说明书整理）
蒙脱石散,地高辛片,中,蒙脱石吸附地高辛，降低疗效，需间隔2小时以上。,药物相互作用数据库（说明书整理）
氯雷他定片,氟康唑胶囊,中,升高氯雷他定血药浓度，不良反应增加。,药物相互作用数据库（说明书整理）
沙丁胺醇气雾剂,氨茶碱片,中,同为支气管扩张药，联用时注意手颤、心悸等β受体激动症状叠加。,药物相互作用数据库（说明书整理）
苯海拉明片,西替利嗪滴剂,中,抗组胺成分叠加，嗜睡、口干等副作用增加。,药物相互作用数据库（说明书整理）
伪麻黄碱缓释片,沙丁胺醇气雾剂,低,拟交感作用叠加，心悸风险轻度增加。,药物相互作用数据库（说明书整理）
多潘立酮片,特比萘芬片,中,升高多潘立酮血药浓度，QT间期延长风险增加。,药物相互作用数据库（说明书整理）
阿司匹林肠溶片,甲氨蝶呤片,高,NSAIDs抑制甲氨蝶呤排泄，血药浓度升高致毒性。,药物相互作用数据库（说明书整理）
布洛芬缓释胶囊,甲氨蝶呤片,高,甲氨蝶呤排泄减少，血液毒性增加。,药物相互作用数据库（说明书整理）
复方甘草片,氢氯噻嗪片,中,甘草致低钾与排钾利尿剂叠加。,药物相互作用数据库（说明书整理）
右美沙芬愈创甘油醚糖浆,帕罗西汀片,高,SSRI类药物与右美沙芬合用可致血清素综合征。,药物相互作用数据库（说明书整理）
氯雷他定片,伊曲康唑胶囊,中,伊曲康唑升高氯雷他定血药浓度。,药物相互作用数据库（说明书整理）
苯海拉明片,茶苯海明片,中,同类抗组胺成分叠加，嗜睡加重。,药物相互作用数据库（说明书整理）
阿司匹林肠溶片,低分子肝素,高,抗凝作用叠加，出血风险显著升高。,药物相互作用数据库（说明书整理）
多潘立酮片,阿奇霉素分散片,高,大环内酯类延长QT间期，禁止合用。,药物相互作用数据库（说明书整理）
藿香正气水,苯巴比妥,中,酒精与镇静催眠药中枢抑制叠加。,药物相互作用数据库（说明书整理）
西咪替丁片,苯妥英钠片,中,抑制苯妥英代谢，血药浓度升高。,药物相互作用数据库（说明书整理）
铝碳酸镁咀嚼片,四环素片,中,金属离子螯合四环素，降低疗效。,药物相互作用数据库（说明书整理）
雷尼替丁胶囊,酮康唑片,中,胃内pH升高影响酮康唑吸收。,药物相互作用数据库（说明书整理）
阿托伐他汀钙片,克拉霉素片,高,克拉霉素抑制CYP3A4，使他汀血药浓度显著升高，横纹肌溶解风险增加，尽量避免合用。,DrugBank / 权威药典（真实DDI）
阿托伐他汀钙片,红霉素肠溶片,高,红霉素抑制CYP3A4，升高阿托伐他汀浓度，肌病风险增加。,DrugBank / 权威药典（真实DDI）
阿托伐他汀钙片,伊曲康唑胶囊,高,唑类抗真菌药抑制CYP3A4，与他汀合用致肌毒性风险升高。,DrugBank / 权威药典（真实DDI）
辛伐他汀片,吉非贝齐,高,吉非贝齐显著升高辛伐他汀血药浓度，横纹肌溶解风险高，禁止合用。,DrugBank / 权威药典（真实DDI）
辛伐他汀片,胺碘酮片,高,胺碘酮抑制他汀代谢，肌病风险增加，剂量需受限。,DrugBank / 权威药典（真实DDI）
辛伐他汀片,维拉帕米片,高,维拉帕米升高辛伐他汀浓度，横纹肌溶解风险增加。,DrugBank / 权威药典（真实DDI）
辛伐他汀片,地尔硫卓片,高,地尔硫卓升高辛伐他汀血药浓度，肌病风险增加。,DrugBank / 权威药典（真实DDI）
辛伐他汀片,克拉霉素片,高,克拉霉素与辛伐他汀合用可致严重横纹肌溶解，禁止合用。,DrugBank / 权威药典（真实DDI）
洛伐他汀胶囊,酮康唑片,高,酮康唑强烈抑制他汀代谢，横纹肌溶解风险高，禁止合用。,DrugBank / 权威药典（真实DDI）
洛伐他汀胶囊,伊曲康唑胶囊,高,唑类与他汀合用显著增加肌毒性风险。,DrugBank / 权威药典（真实DDI）
洛伐他汀胶囊,环孢素软胶囊,高,环孢素与洛伐他汀合用肌病风险极高。,DrugBank / 权威药典（真实DDI）
普伐他汀钠片,克拉霉素片,中,普伐他汀经非CYP3A4途径代谢，影响小于其他他汀，但仍需监测肌痛症状。,DrugBank / 权威药典（真实DDI）
非诺贝特胶囊,阿托伐他汀钙片,中,贝特类与他汀合用增加肌病风险，需监测肌酸激酶与肌痛。,DrugBank / 权威药典（真实DDI）
非诺贝特胶囊,辛伐他汀片,中,联合调脂治疗需密切监测肌毒性，肌痛或CK升高时及时就医。,DrugBank / 权威药典（真实DDI）
阿托伐他汀钙片,葡萄柚汁,高,葡萄柚汁抑制CYP3A4，使阿托伐他汀浓度升高，服药期间避免饮用葡萄柚汁。,DrugBank / 权威药典（真实DDI）
辛伐他汀片,葡萄柚汁,高,葡萄柚汁使辛伐他汀血药浓度显著升高，肌病风险增加。,DrugBank / 权威药典（真实DDI）
地高辛片,胺碘酮片,高,胺碘酮升高地高辛血药浓度，易致地高辛中毒（恶心、心律失常），需监测血药浓度。,DrugBank / 权威药典（真实DDI）
地高辛片,维拉帕米片,高,维拉帕米升高地高辛浓度并加重房室传导阻滞，需减量并监测。,DrugBank / 权威药典（真实DDI）
地高辛片,奎尼丁,高,奎尼丁显著升高地高辛血药浓度，中毒风险高。,DrugBank / 权威药典（真实DDI）
地高辛片,螺内酯片,高,螺内酯降低地高辛肾清除率，升高其血药浓度。,DrugBank / 权威药典（真实DDI）
地高辛片,呋塞米片,中,利尿剂致低钾血症，加重地高辛心脏毒性。,DrugBank / 权威药典（真实DDI）
地高辛片,氢氯噻嗪片,中,噻嗪类利尿剂致低钾，增加地高辛中毒风险，需监测血钾。,DrugBank / 权威药典（真实DDI）
地高辛片,伊曲康唑胶囊,高,伊曲康唑升高地高辛浓度，增加中毒风险。,DrugBank / 权威药典（真实DDI）
地高辛片,红霉素肠溶片,高,红霉素抑制肠道菌群对地高辛的代谢，升高其浓度。,DrugBank / 权威药典（真实DDI）
地高辛片,四环素片,中,广谱抗生素改变肠道菌群，可升高地高辛血药浓度。,DrugBank / 权威药典（真实DDI）
华法林钠片,甲硝唑片,高,甲硝唑抑制华法林代谢，INR显著升高，出血风险增加。,DrugBank / 权威药典（真实DDI）
华法林钠片,氟康唑胶囊,高,氟康唑抑制CYP2C9，增强华法林抗凝作用，需监测INR并减量。,DrugBank / 权威药典（真实DDI）
华法林钠片,胺碘酮片,高,胺碘酮抑制华法林代谢，INR升高，合用时华法林需减量。,DrugBank / 权威药典（真实DDI）
华法林钠片,利福平胶囊,高,利福平诱导肝药酶，显著降低华法林抗凝效果，需大幅上调剂量并监测。,DrugBank / 权威药典（真实DDI）
华法林钠片,苯巴比妥片,高,苯巴比妥诱导肝药酶，降低华法林抗凝作用。,DrugBank / 权威药典（真实DDI）
华法林钠片,卡马西平片,中,卡马西平诱导肝药酶，降低华法林疗效，需监测INR。,DrugBank / 权威药典（真实DDI）
华法林钠片,环丙沙星片,高,喹诺酮类增强华法林抗凝作用，出血风险增加。,DrugBank / 权威药典（真实DDI）
华法林钠片,甲氧苄啶,高,甲氧苄啶增强华法林抗凝作用，INR升高。,DrugBank / 权威药典（真实DDI）
华法林钠片,泼尼松片,中,糖皮质激素影响抗凝平衡，需监测INR。,DrugBank / 权威药典（真实DDI）
华法林钠片,银杏叶提取物,中,银杏增强华法林出血风险，避免合用。,DrugBank / 权威药典（真实DDI）
华法林钠片,人参,中,人参可能降低华法林抗凝效果，需监测INR。,DrugBank / 权威药典（真实DDI）
华法林钠片,大蒜素胶囊,中,大蒜可增强华法林抗凝与出血风险。,DrugBank / 权威药典（真实DDI）
华法林钠片,蔓越莓汁,中,蔓越莓汁可增强华法林抗凝作用，出血风险增加。,DrugBank / 权威药典（真实DDI）
甲氨蝶呤片,甲氧苄啶,高,与甲氨蝶呤协同抑制叶酸代谢，骨髓抑制风险显著增加。,DrugBank / 权威药典（真实DDI）
甲氨蝶呤片,复方磺胺甲恶唑片,高,复方磺胺含甲氧苄啶，与甲氨蝶呤合用致严重骨髓抑制。,DrugBank / 权威药典（真实DDI）
甲氨蝶呤片,丙磺舒,高,丙磺舒降低甲氨蝶呤肾排泄，毒性增加。,DrugBank / 权威药典（真实DDI）
环丙沙星片,氨茶碱片,中,环丙沙星抑制茶碱代谢，茶碱血药浓度升高，易致心悸、抽搐等中毒反应。,DrugBank / 权威药典（真实DDI）
左氧氟沙星片,胺碘酮片,高,两者均延长QT间期，合用增加尖端扭转型室速风险。,DrugBank / 权威药典（真实DDI）
左氧氟沙星片,索他洛尔片,高,QT间期延长叠加，严重心律失常风险增加，禁止合用。,DrugBank / 权威药典（真实DDI）
莫西沙星片,胺碘酮片,高,莫西沙星显著延长QT间期，与胺碘酮合用禁忌。,DrugBank / 权威药典（真实DDI）
莫西沙星片,地高辛片,中,莫西沙星可轻度升高地高辛浓度，需监测。,DrugBank / 权威药典（真实DDI）
克拉霉素片,秋水仙碱片,高,克拉霉素抑制秋水仙碱代谢，可致严重甚至致命的秋水仙碱中毒。,DrugBank / 权威药典（真实DDI）
红霉素肠溶片,辛伐他汀片,高,红霉素抑制CYP3A4，横纹肌溶解风险增加。,DrugBank / 权威药典（真实DDI）
红霉素肠溶片,卡马西平片,高,红霉素抑制卡马西平代谢，血药浓度升高，出现眩晕、共济失调等中毒表现。,DrugBank / 权威药典（真实DDI）
阿奇霉素分散片,胺碘酮片,高,大环内酯类延长QT间期，与胺碘酮合用严重心律失常风险高。,DrugBank / 权威药典（真实DDI）
异烟肼片,利福平胶囊,中,两药联合抗结核为标准方案，但均有肝毒性，合用需监测肝功能。,DrugBank / 权威药典（真实DDI）
异烟肼片,卡马西平片,高,异烟肼抑制卡马西平代谢，血药浓度升高致中毒。,DrugBank / 权威药典（真实DDI）
利福平胶囊,口服避孕药,高,利福平诱导肝药酶，显著降低口服避孕药疗效，需更换避孕方式。,DrugBank / 权威药典（真实DDI）
利福平胶囊,环孢素软胶囊,高,利福平降低环孢素血药浓度，移植排异风险增加。,DrugBank / 权威药典（真实DDI）
利福平胶囊,地西泮片,中,利福平加速地西泮代谢，镇静作用减弱。,DrugBank / 权威药典（真实DDI）
头孢呋辛酯片,酒精,高,头孢类抗菌药物与酒精同服可致双硫仑样反应（面红、心悸、呼吸困难）。,DrugBank / 权威药典（真实DDI）
头孢克肟分散片,酒精,高,头孢菌素与酒精合用发生双硫仑样反应，用药期间及停药7天内禁酒。,DrugBank / 权威药典（真实DDI）
左氧氟沙星片,非甾体抗炎药,高,氟喹诺酮类与NSAIDs合用增加癫痫发作风险。,DrugBank / 权威药典（真实DDI）
氟康唑胶囊,辛伐他汀片,高,氟康唑升高他汀浓度，肌病风险增加。,DrugBank / 权威药典（真实DDI）
氟康唑胶囊,磺脲类降糖药,中,氟康唑增强磺脲类降糖作用，低血糖风险增加。,DrugBank / 权威药典（真实DDI）
伏立康唑片,华法林钠片,高,伏立康唑显著增强华法林抗凝作用，需监测INR。,DrugBank / 权威药典（真实DDI）
苯巴比妥片,酒精,高,苯巴比妥与酒精中枢抑制叠加，可致深度昏迷甚至呼吸抑制。,DrugBank / 权威药典（真实DDI）
地西泮片,酒精,高,苯二氮卓类与酒精合用显著增强中枢抑制，禁止同服。,DrugBank / 权威药典（真实DDI）
艾司唑仑片,酒精,高,安眠药与酒精合用致过度镇静、呼吸抑制风险。,DrugBank / 权威药典（真实DDI）
吗啡片,酒精,高,阿片类与酒精中枢与呼吸抑制叠加，可致呼吸骤停。,DrugBank / 权威药典（真实DDI）
吗啡片,苯二氮卓类,高,阿片类与苯二氮卓类合用呼吸抑制风险显著增加，FDA已发布黑框警告。,DrugBank / 权威药典（真实DDI）
曲马多片,帕罗西汀片,高,SSRI类与曲马多合用增加5-羟色胺综合征（高热、肌阵挛、意识障碍）风险。,DrugBank / 权威药典（真实DDI）
曲马多片,氟西汀胶囊,高,曲马多与SSRI类合用增加癫痫发作与5-羟色胺综合征风险。,DrugBank / 权威药典（真实DDI）
氟西汀胶囊,非甾体抗炎药,中,SSRI类与NSAIDs合用增加上消化道出血风险。,DrugBank / 权威药典（真实DDI）
舍曲林片,布洛芬缓释胶囊,中,SSRI与NSAIDs合用出血风险增加，合用期间注意黑便、呕血。,DrugBank / 权威药典（真实DDI）
帕罗西汀片,华法林钠片,中,SSRI可增强华法林抗凝作用，出血风险增加。,DrugBank / 权威药典（真实DDI）
文拉法辛缓释片,单胺氧化酶抑制剂,高,文拉法辛与MAOI合用可致高血压危象与5-羟色胺综合征，禁止合用。,DrugBank / 权威药典（真实DDI）
氟西汀胶囊,氯氮平片,中,氟西汀升高氯氮平血药浓度，镇静与粒细胞减少风险增加。,DrugBank / 权威药典（真实DDI）
氟伏沙明片,氯氮平片,高,氟伏沙明显著升高氯氮平血药浓度，禁止合用。,DrugBank / 权威药典（真实DDI）
曲唑酮片,酒精,高,曲唑酮与酒精中枢抑制叠加，嗜睡与低血压风险增加。,DrugBank / 权威药典（真实DDI）
加巴喷丁胶囊,吗啡片,高,加巴喷丁与阿片类合用呼吸抑制风险增加，FDA黑框警告。,DrugBank / 权威药典（真实DDI）
普瑞巴林胶囊,阿片类药物,高,普瑞巴林与阿片类合用呼吸抑制风险显著增加。,DrugBank / 权威药典（真实DDI）
卡马西平片,口服避孕药,高,卡马西平诱导肝药酶，降低口服避孕药疗效。,DrugBank / 权威药典（真实DDI）
苯妥英钠片,口服避孕药,高,苯妥英降低口服避孕药疗效，避孕失败风险。,DrugBank / 权威药典（真实DDI）
苯妥英钠片,异烟肼片,高,异烟肼抑制苯妥英代谢，苯妥英浓度升高致中毒。,DrugBank / 权威药典（真实DDI）
苯妥英钠片,叶酸片,低,苯妥英降低叶酸水平，长期使用需补充叶酸。,DrugBank / 权威药典（真实DDI）
卡马西平片,锂盐,中,卡马西平与锂盐合用神经毒性增加。,DrugBank / 权威药典（真实DDI）
丙戊酸钠片,阿司匹林肠溶片,中,阿司匹林升高游离丙戊酸浓度，并增加出血风险。,DrugBank / 权威药典（真实DDI）
丙戊酸钠片,卡马西平片,中,两药相互影响代谢，合用时需监测血药浓度。,DrugBank / 权威药典（真实DDI）
丙戊酸钠片,拉莫三嗪片,中,丙戊酸升高拉莫三嗪浓度，皮疹（严重Stevens-Johnson）风险增加。,DrugBank / 权威药典（真实DDI）
碳酸锂片,氢氯噻嗪片,高,噻嗪类利尿剂减少锂盐排泄，锂浓度升高致中毒，禁止合用。,DrugBank / 权威药典（真实DDI）
碳酸锂片,依那普利片,高,ACEI升高锂盐血药浓度，锂中毒风险增加。,DrugBank / 权威药典（真实DDI）
碳酸锂片,布洛芬缓释胶囊,中,NSAIDs减少锂排泄，血锂升高，需监测。,DrugBank / 权威药典（真实DDI）
碳酸锂片,塞来昔布胶囊,中,NSAIDs升高血锂浓度，合用需监测锂浓度。,DrugBank / 权威药典（真实DDI）
依那普利片,螺内酯片,高,ACEI与保钾利尿剂合用高钾血症风险显著增加，需监测血钾。,DrugBank / 权威药典（真实DDI）
培哚普利片,氯化钾缓释片,高,ACEI与补钾制剂合用易致严重高钾血症。,DrugBank / 权威药典（真实DDI）
缬沙坦胶囊,螺内酯片,中,ARB与保钾利尿剂合用高钾血症风险增加。,DrugBank / 权威药典（真实DDI）
依那普利片,布洛芬缓释胶囊,中,NSAIDs减弱ACEI降压作用并增加肾损伤风险。,DrugBank / 权威药典（真实DDI）
美托洛尔缓释片,维拉帕米片,高,β受体阻滞剂与维拉帕米合用可致严重心动过缓、房室传导阻滞。,DrugBank / 权威药典（真实DDI）
美托洛尔缓释片,地尔硫卓片,高,β阻滞剂与非二氢吡啶类钙拮抗剂合用传导阻滞风险高。,DrugBank / 权威药典（真实DDI）
非洛地平缓释片,葡萄柚汁,高,葡萄柚汁升高非洛地平血药浓度，致低血压与反射性心动过速。,DrugBank / 权威药典（真实DDI）
硝苯地平控释片,葡萄柚汁,高,葡萄柚汁显著升高硝苯地平浓度，低血压风险。,DrugBank / 权威药典（真实DDI）
硝苯地平控释片,克拉霉素片,高,克拉霉素抑制钙拮抗剂代谢，低血压风险增加。,DrugBank / 权威药典（真实DDI）
普萘洛尔片,维拉帕米片,高,两药合用加重心肌抑制与传导阻滞，禁止合用。,DrugBank / 权威药典（真实DDI）
胺碘酮片,索他洛尔片,高,两药均显著延长QT间期，合用致尖端扭转型室速风险极高，禁止合用。,DrugBank / 权威药典（真实DDI）
索他洛尔片,呋塞米片,中,利尿剂致低钾血症，增加索他洛尔致心律失常风险，需监测血钾。,DrugBank / 权威药典（真实DDI）
硝酸甘油片,西地那非片,高,硝酸酯类与西地那非合用致严重低血压，禁止合用。,DrugBank / 权威药典（真实DDI）
单硝酸异山梨酯片,西地那非片,高,与磷酸二酯酶-5抑制剂合用可致致命性低血压，禁止合用。,DrugBank / 权威药典（真实DDI）
可乐定片,普萘洛尔片,高,β阻滞剂与可乐定合用，停用可乐定时可致反跳性高血压危象。,DrugBank / 权威药典（真实DDI）
维拉帕米片,阿托伐他汀钙片,高,维拉帕米升高他汀浓度，肌病风险增加。,DrugBank / 权威药典（真实DDI）
地尔硫卓片,阿托伐他汀钙片,高,地尔硫卓升高阿托伐他汀血药浓度。,DrugBank / 权威药典（真实DDI）
二甲双胍片,碘造影剂,中,使用碘造影剂时二甲双胍乳酸酸中毒风险增加，检查前后需暂停用药并监测肾功能。,DrugBank / 权威药典（真实DDI）
二甲双胍片,呋塞米片,中,呋塞米可降低二甲双胍排泄，血药浓度升高。,DrugBank / 权威药典（真实DDI）
二甲双胍片,西咪替丁片,中,西咪替丁减少二甲双胍肾清除，乳酸酸中毒风险增加。,DrugBank / 权威药典（真实DDI）
格列本脲片,氟康唑胶囊,中,唑类增强磺脲类降糖作用，低血糖风险增加。,DrugBank / 权威药典（真实DDI）
格列吡嗪片,西咪替丁片,中,西咪替丁升高磺脲类血药浓度，低血糖风险增加。,DrugBank / 权威药典（真实DDI）
格列本脲片,普萘洛尔片,中,β阻滞剂掩盖低血糖症状（心悸、震颤），糖尿病患者使用需谨慎。,DrugBank / 权威药典（真实DDI）
胰岛素,普萘洛尔片,中,β阻滞剂掩盖低血糖早期症状，并延缓血糖恢复。,DrugBank / 权威药典（真实DDI）
左甲状腺素钠片,碳酸钙D3片,中,钙剂影响左甲状腺素吸收，需间隔4小时以上服用。,DrugBank / 权威药典（真实DDI）
左甲状腺素钠片,硫酸亚铁片,中,铁剂显著降低左甲状腺素吸收，需间隔4小时以上服用。,DrugBank / 权威药典（真实DDI）
左甲状腺素钠片,铝碳酸镁咀嚼片,中,抗酸药/铝剂降低左甲状腺素吸收，需间隔4小时。,DrugBank / 权威药典（真实DDI）
泼尼松片,布洛芬缓释胶囊,高,糖皮质激素与NSAIDs合用消化道溃疡与出血风险显著增加。,DrugBank / 权威药典（真实DDI）
泼尼松片,呋塞米片,中,两者均致低钾血症，合用低钾风险增加，需监测血钾。,DrugBank / 权威药典（真实DDI）
地塞米松片,华法林钠片,中,糖皮质激素影响华法林抗凝平衡，需监测INR。,DrugBank / 权威药典（真实DDI）
秋水仙碱片,维拉帕米片,高,维拉帕米抑制秋水仙碱代谢，可致严重中毒（多器官衰竭）。,DrugBank / 权威药典（真实DDI）
别嘌醇片,硫唑嘌呤片,高,别嘌醇抑制硫唑嘌呤代谢，严重骨髓抑制风险，禁止合用。,DrugBank / 权威药典（真实DDI）
别嘌醇片,巯嘌呤片,高,别嘌醇显著增加巯嘌呤毒性，禁止合用。,DrugBank / 权威药典（真实DDI）
别嘌醇片,氨苄西林胶囊,低,合用时皮疹发生率升高，需注意观察。,DrugBank / 权威药典（真实DDI）
环孢素软胶囊,伊曲康唑胶囊,高,唑类升高环孢素血药浓度，肾毒性风险增加，需监测浓度。,DrugBank / 权威药典（真实DDI）
环孢素软胶囊,红霉素肠溶片,高,红霉素升高环孢素血药浓度，肾毒性增加。,DrugBank / 权威药典（真实DDI）
环孢素软胶囊,维拉帕米片,高,维拉帕米升高环孢素浓度，肾毒性风险增加。,DrugBank / 权威药典（真实DDI）
他克莫司胶囊,克拉霉素片,高,克拉霉素显著升高他克莫司血药浓度，肾毒性风险高。,DrugBank / 权威药典（真实DDI）
他克莫司胶囊,氟康唑胶囊,高,氟康唑升高他克莫司浓度，需大幅减量并监测。,DrugBank / 权威药典（真实DDI）
他克莫司胶囊,圣约翰草,高,圣约翰草降低他克莫司血药浓度，移植排异风险增加。,DrugBank / 权威药典（真实DDI）
藿香正气水,头孢呋辛酯片,高,藿香正气水含酒精，与头孢类合用发生双硫仑样反应。,DrugBank / 权威药典（真实DDI）
藿香正气水,苯巴比妥片,中,酒精与镇静催眠药中枢抑制叠加。,DrugBank / 权威药典（真实DDI）
甘草片,氢氯噻嗪片,中,甘草致低钾血症，与排钾利尿剂合用低钾风险增加。,DrugBank / 权威药典（真实DDI）
甘草片,地高辛片,中,甘草致低钾血症，增加地高辛中毒风险。,DrugBank / 权威药典（真实DDI）
甘草片,泼尼松片,中,甘草与糖皮质激素均致水钠潴留、低钾，风险叠加。,DrugBank / 权威药典（真实DDI）
银杏叶提取物,阿司匹林肠溶片,中,银杏抑制血小板聚集，与抗血小板药合用出血风险增加。,DrugBank / 权威药典（真实DDI）
银杏叶提取物,氯吡格雷片,中,银杏与氯吡格雷合用出血风险增加。,DrugBank / 权威药典（真实DDI）
当归,华法林钠片,中,当归含香豆素类成分，增强华法林抗凝与出血风险。,DrugBank / 权威药典（真实DDI）
圣约翰草,环孢素软胶囊,高,圣约翰草诱导CYP3A4，显著降低环孢素浓度，排异风险。,DrugBank / 权威药典（真实DDI）
圣约翰草,华法林钠片,中,圣约翰草降低华法林抗凝效果。,DrugBank / 权威药典（真实DDI）
圣约翰草,口服避孕药,高,圣约翰草降低口服避孕药疗效，避孕失败风险。,DrugBank / 权威药典（真实DDI）
鱼油,华法林钠片,中,高剂量鱼油可增强华法林抗凝作用，需监测INR。,DrugBank / 权威药典（真实DDI）
维生素E,华法林钠片,中,大剂量维生素E增强华法林抗凝作用。,DrugBank / 权威药典（真实DDI）
红霉素肠溶片,葡萄柚汁,中,葡萄柚汁影响红霉素代谢，一般可间隔服用，但需注意不良反应。,DrugBank / 权威药典（真实DDI）
环孢素软胶囊,葡萄柚汁,高,葡萄柚汁显著升高环孢素浓度，肾毒性风险增加。,DrugBank / 权威药典（真实DDI）
咪达唑仑,葡萄柚汁,高,葡萄柚汁延长咪达唑仑作用，过度镇静风险。,DrugBank / 权威药典（真实DDI）
伊曲康唑胶囊,三唑仑片,高,唑类显著升高三唑仑浓度，过度镇静风险，禁止合用。,DrugBank / 权威药典（真实DDI）
酮康唑片,咪达唑仑,高,酮康唑与咪达唑仑合用致深度镇静，禁止合用。,DrugBank / 权威药典（真实DDI）
氟康唑胶囊,三唑仑片,高,氟康唑升高三唑仑浓度，镇静作用显著增强。,DrugBank / 权威药典（真实DDI）
布洛芬缓释胶囊,塞来昔布胶囊,高,NSAIDs叠加，禁止同服。,DrugBank / 权威药典（真实DDI）
对乙酰氨基酚片,曲马多片,中,对乙酰氨基酚与曲马多合用（如复方制剂）需注意总剂量与癫痫风险。,DrugBank / 权威药典（真实DDI）
右美沙芬片,帕罗西汀片,高,帕罗西汀抑制CYP2D6，升高右美沙芬浓度，5-羟色胺综合征风险。,DrugBank / 权威药典（真实DDI）
右美沙芬片,氟西汀胶囊,中,氟西汀升高右美沙芬浓度，中枢不良反应增加。,DrugBank / 权威药典（真实DDI）
呋塞米片,庆大霉素,高,合用耳毒性、肾毒性叠加。,DrugBank / 权威药典（真实DDI）
呋塞米片,糖皮质激素,中,低钾风险叠加。,DrugBank / 权威药典（真实DDI）
别嘌醇片,华法林钠片,中,别嘌醇可增强华法林抗凝作用。,DrugBank / 权威药典（真实DDI）
丙磺舒,青霉素类,低,丙磺舒延长青霉素排泄，作为增效手段。,DrugBank / 权威药典（真实DDI）
氯苯那敏片,酒精,高,抗组胺药与酒精中枢抑制叠加，嗜睡显著加重。,DrugBank / 权威药典（真实DDI）
西替利嗪滴剂,酒精,低,轻度增强嗜睡作用，用药期间避免饮酒。,DrugBank / 权威药典（真实DDI）
氯雷他定片,酒精,低,第二代抗组胺药与酒精相互作用较轻，仍建议避免。,DrugBank / 权威药典（真实DDI）
苯海拉明片,酒精,高,第一代抗组胺药与酒精合用致明显中枢抑制。,DrugBank / 权威药典（真实DDI）
伪麻黄碱缓释片,呋塞米片,中,拟交感药减弱利尿作用。,DrugBank / 权威药典（真实DDI）
伪麻黄碱缓释片,左甲状腺素钠片,中,甲亢状态加重拟交感心血管反应。,DrugBank / 权威药典（真实DDI）
多潘立酮片,奎尼丁,高,QT间期延长叠加，严重心律失常风险。,DrugBank / 权威药典（真实DDI）
多潘立酮片,胺碘酮片,高,多潘立酮与延长QT间期药物合用禁忌。,DrugBank / 权威药典（真实DDI）
奥美拉唑肠溶胶囊,硫酸亚铁片,中,胃酸抑制降低铁剂吸收，影响补铁效果。,DrugBank / 权威药典（真实DDI）
奥美拉唑肠溶胶囊,碳酸钙D3片,低,PPI降低钙吸收，长期合用注意骨质疏松风险。,DrugBank / 权威药典（真实DDI）
蒙脱石散,阿奇霉素分散片,中,蒙脱石吸附抗生素，降低疗效，需间隔2小时以上。,DrugBank / 权威药典（真实DDI）
蒙脱石散,头孢克肟分散片,中,吸附降低头孢类吸收，间隔2小时服用。,DrugBank / 权威药典（真实DDI）
枸橼酸铋钾胶囊,多潘立酮片,低,铋剂与促动力药可联用，间隔服用即可。,DrugBank / 权威药典（真实DDI）
乳果糖口服溶液,电解质平衡,低,无显著相互作用。,DrugBank / 权威药典（真实DDI）
复方甘草片,阿司匹林肠溶片,中,甘草与水杨酸类合用胃肠道刺激增加。,DrugBank / 权威药典（真实DDI）
氢溴酸右美沙芬片,氟西汀胶囊,中,氟西汀升高右美沙芬血药浓度。,DrugBank / 权威药典（真实DDI）
氨溴索口服溶液,右美沙芬愈创甘油醚糖浆,中,化痰药与镇咳药合用易致痰液潴留。,DrugBank / 权威药典（真实DDI）
愈创甘油醚片,右美沙芬片,中,镇咳药影响排痰，合用需谨慎。,DrugBank / 权威药典（真实DDI）
复方甲氧那明胶囊,普萘洛尔片,中,含β激动剂成分，与β阻滞剂相互拮抗。,DrugBank / 权威药典（真实DDI）
氨茶碱片,氟喹诺酮类,中,喹诺酮升高茶碱血药浓度，需监测。,DrugBank / 权威药典（真实DDI）
氨茶碱片,克拉霉素片,高,大环内酯类升高茶碱浓度，中毒风险。,DrugBank / 权威药典（真实DDI）
沙丁胺醇气雾剂,地高辛片,低,β2激动剂致低钾，轻度增加地高辛敏感性。,DrugBank / 权威药典（真实DDI）
